table,group,row_in_group,work,device_label,n,k,bu,frequency_mhz,latency_us,lut,ff,bram,dsp,tp_reported,atp_reported
III,NTT,1,[24],Z7,256,23,1,217,1.22,2386,932,1,8,4826 (-),4.25 (0.83×)
III,NTT,2,[32],A7,256,12,4,273,0.31,4619,4166,8,18,9910 (1.11×),2.71 (0.99×)
III,NTT,3,[13],V7,1024,14,2,250,4.8,2953,1875,5.5,27,2987 (-),19.51 (1.55×)
III,NTT,4,[33],A7,1024,14,4,240,5.4,957,890,3,4,2655 (4.58×),12.18 (0.97×)
III,NTT,5,[34],V7,256,12,4,234,0.96,1.3k,0.8k,0,4,3200 (3.43×),2.4 (1.14×)
III,NTT,6,[34],V7,256,23,4,256,1.1,2.2k,1.9k,0,8,5353 (3.14×),5.39 (0.96×)
III,NTT,7,[35],V7,256,12,8,250,2.4,3.8k,2.6k,3,8,1280,13.2
III,NTT,8,[35],V7,256,23,8,243,2.1,4.3k,3.6k,6,16,2804,23.73
III,NTT,9,Ours,A7,256,12,4,264,0.28,3104,2240,12,32,10971,2.74
III,NTT,10,Ours,X6,256,23,4,227,0.35,7984,6280,12,32,16823,5.15
III,NTT,11,Ours,V7,1024,14,4,250,1.18,3916,3224,12,32,12149,12.602
IV,CTC,1,[11],V7,256,13,4,278,2.2,1288,888,4.5,12,1513 (2.25×),8.41 (0.84×)
IV,CTC,2,[11],V7,256,13,8,256,1.2,6245,1864,12,24,2773 (1.42×),14.68 (0.89×)
IV,CTC,3,[32],A7,256,12,4,273,1.13,4619,4166,16,8,2722 (1.25×),11.53 (1.15×)
IV,CTC,4,Ours,A7,256,12,4,264,0.9,3104,2240,16,32,3408,10.01
IV,CTC,5,Ours,A7,256,12,8,247,0.78,6456,5440,28,64,3938,16.58
IV,CTC,6,[9],X6,256,23,4,250,4,5478,4955,6,12,1475 (3.22),33.84 (1.7×)
IV,CTC,7,[9],X6,256,23,8,220,2.5,11006,8791,12,24,2355 (2.12),42.52 (1.22)
IV,CTC,8,[9],X6,256,23,16,194,1.98,26250,15171,24,48,2973 (1.69×)*,75.91 (-)
IV,CTC,9,[12],A7,256,23,radix-16,183,0.87,12720,7834,14.5,8,606,26.02
IV,CTC,10,Ours,X6,256,23,4,227,1.24,7984,6280,16,32,4748,19.86
IV,CTC,11,Ours,X6,256,23,8,205,1.11,16472,14400,28,64,5319,34.62
IV,CTC,12,[11],V-7,1024,14,4,189,15.07,1467,930,4.5,13,951 (3.72×),62.06 (1.29×)
IV,CTC,13,[11],V-7,1024,14,8,179,8.05,3472,1789,7.5,25,1781 (3.10×),66.19 (1.14×)
IV,CTC,14,[11],V-7,1024,14,16,172,4.28,8515,3618,12,49,3350 (1.65×)*,72.91 (-)
IV,CTC,15,Ours,V7,1024,14,4,250,4.05,3916,3224,16,32,3538,48.28
IV,CTC,16,Ours,V7,1024,14,8,229,2.6,7640,6336,28,64,5514,58.21
IV,RTC,1,[22],A7,512,14,8,186,5.9,11000,5182,64,12,1215 (-),185.3 (1.75)
IV,RTC,2,[22],A7,256,23,8,140,5.307,11000,5182,64,12,1109 (-),166.7 (2.7×)
IV,RTC,3,[22],A7,512,14,32,126,3.4,63000,18000,48,256,2108 (-),350.2 (-)
IV,RTC,4,[22],A7,256,23,32,126,2.74,63000,18000,48,256,2150 (2.68×)§,282.22 (-)
IV,RTC,5,[23],A7,256,24,8,140,3.86,11100,8700,4,32,1591 (-),59.83 (0.97)
IV,RTC,6,[23],A7,256,24,32,135,2.63,44800,34500,16,128,2336 (2.47×)§,164.11 (-)
IV,RTC,7,Ours,A7,256,12,16,184,0.71,32240,27744,52,128,4326,43.05
IV,RTC,8,Ours,A7,256,23,16,184,1.02,32240,27744,52,128,5772,61.85
IV,RTC,9,Ours,A7,1024,14,16,184,1.75,32240,27744,52,128,8192,106.1
